Designator,Footprint,Quantity,Value,LCSC Part #
C1,0603,1,100n,C105907
C2,0805,1,4u7,C76642
C25,0805,1,4u7,C76642
C26,0603,1,100n,C105907
C27,0805,1,4u7,C76642
C28,0603,1,100n,C105907
C3,0805,1,1u,C77083
C4,0805,1,4u7,C76642
C5,0603,1,100n,C105907
C6,0805,1,1u,C77083
"D1, D2, D3",SOD-523_L1.2-W0.8-LS1.6-BI,3,LESD5D5.0CT1G,C383211
"JP1, JP2, JP3",SolderJumper-2_P1.3mm_Bridged_RoundedPad1.0x1.5mm,3,SolderJumper_2_Bridged,
"JP10, JP11, JP12, JP4, JP5, JP6, JP7, JP8, JP9",SolderJumper_Small-3_bridged12,9,SolderJumper_3_Bridged12,
"Q1, Q2",SOT-23-3_L2.9-W1.3-P1.90-LS2.4-BR,2,L8050QLT1G,C49581
Q3,SOT-23_L2.9-W1.3-P1.90-LS2.4-BR,1,AO3401A,C15127
R1,0402,1,2k2,C114762
R10,0402,1,0R,C140225
R11,0402,1,10k,C71617
R12,0402,1,10k,C71617
R13,0402,1,0R,C140225
R14,0402,1,0R,C140225
R2,0402,1,10k,C71617
R25,0402,1,2k2,C114762
R3,0402,1,22k,C144778
R31,0402,1,0R,C140225
R32,0402,1,0R,C140225
R4,0402,1,47k,C328320
R6,0402,1,10k,C71617
R7,0402,1,10k,C71617
R9,0402,1,0R,C140225
"SW1, SW2",KEY-SMD_4P-L6.0-W6.0-P4.50-LS9.5-BL,2,K2-1102SP-C4SC-04,C127509
U1,WIRELM-SMD_ESP32-S3-WROOM-1,1,ESP32-S3-WROOM-1(N8R2),C2913204
U2,QFN-28_L5.0-W5.0-P0.50-TL-EP3.3,1,CP2102N-A02-GQFN28R,C964632
U5,SOT-223-3_TabPin2,1,LD1117S33TR_SOT223,C86781
USBC1,USB-C-SMD_TYPE-C-USB-17,1,USB3.1C16PFSMT,C167321
